1,2000,GET_url4,ADULTINITIAL
2,0,GET_url4,PEDSRETURN
3,2000,GET_url4,ADULTINITIAL
4,0,GET_url4,ADULTRETURN
5,1000,GET_url4,ADULTRETURN
6,0,GET_url4,PEDSRETURN
7,1000,GET_url4,PEDSRETURN
8,0,GET_url4,ADULTINITIAL
9,2000,GET_url4,ADULTINITIAL
10,0,GET_url4,ADULTINITIAL
11,0,GET_url4,ADULTINITIAL
12,1000,GET_url4,ADULTINITIAL
13,0,GET_url4,ADULTRETURN
14,1000,GET_url4,PEDSRETURN
15,0,GET_url4,ADULTRETURN
16,0,GET_url4,PEDSINITIAL
17,1000,GET_url4,ADULTRETURN
18,0,GET_url4,ADULTINITIAL
19,1000,GET_url4,ADULTINITIAL
20,0,GET_url4,PEDSINITIAL
21,1000,GET_url4,PEDSINITIAL
22,0,GET_url4,ADULTINITIAL
23,0,GET_url4,PEDSRETURN
24,0,GET_url4,PEDSINITIAL
25,0,GET_url4,PEDSRETURN
26,1000,GET_url4,PEDSINITIAL
27,0,GET_url4,ADULTRETURN
28,1000,GET_url4,PEDSRETURN
29,1000,GET_url4,ADULTINITIAL
30,0,GET_url4,PEDSINITIAL
31,0,GET_url4,ADULTINITIAL
32,0,GET_url4,ADULTRETURN
33,0,GET_url4,ADULTINITIAL
34,0,GET_url4,PEDSINITIAL
35,1000,GET_url4,PEDSINITIAL
36,1000,GET_url4,PEDSINITIAL
37,0,GET_url4,ADULTRETURN
38,0,GET_url4,PEDSINITIAL
39,0,GET_url4,PEDSINITIAL
40,0,GET_url4,PEDSRETURN
41,1000,GET_url4,ADULTINITIAL
42,0,GET_url4,PEDSINITIAL
43,0,GET_url4,PEDSINITIAL
44,0,GET_url4,ADULTINITIAL
45,1000,GET_url4,PEDSRETURN
46,0,GET_url4,ADULTINITIAL
47,0,GET_url4,PEDSINITIAL
48,0,GET_url4,ADULTRETURN
49,0,GET_url4,ADULTINITIAL
50,0,GET_url4,ADULTINITIAL
51,0,GET_url4,PEDSRETURN
52,1000,GET_url4,PEDSRETURN
53,0,GET_url4,PEDSINITIAL
54,0,GET_url4,ADULTRETURN
55,0,GET_url4,ADULTINITIAL
56,1000,GET_url4,PEDSINITIAL
57,0,GET_url4,PEDSINITIAL
58,0,GET_url4,PEDSINITIAL
59,0,GET_url4,ADULTINITIAL
60,0,GET_url4,PEDSINITIAL
61,1000,GET_url4,ADULTRETURN
62,0,GET_url4,ADULTRETURN
63,0,GET_url4,PEDSINITIAL
64,0,GET_url4,PEDSINITIAL
65,1000,GET_url4,ADULTINITIAL
66,0,GET_url4,PEDSRETURN
67,0,GET_url4,PEDSRETURN
68,1000,GET_url4,PEDSRETURN
69,0,GET_url4,ADULTINITIAL
70,0,GET_url4,ADULTRETURN
71,0,GET_url4,ADULTINITIAL
72,1000,GET_url4,PEDSINITIAL
73,0,GET_url4,PEDSINITIAL
74,0,GET_url4,ADULTINITIAL
75,0,GET_url4,ADULTINITIAL
76,0,GET_url4,ADULTINITIAL
77,0,GET_url4,PEDSINITIAL
78,0,GET_url4,ADULTINITIAL
79,1000,GET_url4,ADULTINITIAL
80,0,GET_url4,ADULTINITIAL
81,0,GET_url4,PEDSRETURN
82,0,GET_url4,ADULTINITIAL
83,1000,GET_url4,PEDSINITIAL
84,0,GET_url4,PEDSINITIAL
85,0,GET_url4,ADULTINITIAL
86,0,GET_url4,PEDSINITIAL
87,1000,GET_url4,ADULTINITIAL
88,0,GET_url4,PEDSRETURN
89,0,GET_url4,PEDSINITIAL
90,0,GET_url4,PEDSINITIAL
91,0,GET_url4,ADULTINITIAL
92,1000,GET_url4,PEDSINITIAL
93,0,GET_url4,PEDSINITIAL
94,0,GET_url4,ADULTRETURN
95,0,GET_url4,ADULTINITIAL
96,0,GET_url4,PEDSRETURN
97,0,GET_url4,ADULTINITIAL
98,1000,GET_url4,ADULTINITIAL
99,0,GET_url4,PEDSINITIAL
100,0,GET_url4,PEDSRETURN
101,0,GET_url4,ADULTINITIAL
102,0,GET_url4,ADULTINITIAL
103,0,GET_url4,PEDSINITIAL
104,1000,GET_url4,ADULTINITIAL
105,0,GET_url4,PEDSRETURN
106,1000,GET_url4,PEDSINITIAL
107,0,GET_url4,ADULTINITIAL
108,0,GET_url4,PEDSRETURN
109,0,GET_url4,ADULTINITIAL
110,0,GET_url4,PEDSRETURN
111,0,GET_url4,ADULTRETURN
112,0,GET_url4,ADULTINITIAL
113,1000,GET_url4,PEDSINITIAL
114,0,GET_url4,ADULTINITIAL
115,1000,GET_url4,ADULTRETURN
116,0,GET_url4,ADULTINITIAL
117,1000,GET_url4,PEDSRETURN
118,0,GET_url4,ADULTINITIAL
119,0,GET_url4,ADULTINITIAL
120,0,GET_url4,PEDSRETURN
121,1000,GET_url4,PEDSINITIAL
122,0,GET_url4,ADULTINITIAL
123,0,GET_url4,ADULTINITIAL
124,1000,GET_url4,PEDSINITIAL
125,0,GET_url4,ADULTRETURN
126,1000,GET_url4,ADULTRETURN
127,1000,GET_url4,ADULTRETURN
128,0,GET_url4,PEDSINITIAL
129,1000,GET_url4,PEDSINITIAL
130,1000,GET_url4,ADULTRETURN
131,0,GET_url4,ADULTRETURN
132,0,GET_url4,ADULTRETURN
133,1000,GET_url4,ADULTINITIAL
134,0,GET_url4,ADULTRETURN
135,0,GET_url4,PEDSINITIAL
136,0,GET_url4,ADULTINITIAL
137,0,GET_url4,ADULTINITIAL
138,1000,GET_url4,PEDSINITIAL
139,0,GET_url4,PEDSINITIAL
140,0,GET_url4,ADULTRETURN
141,0,GET_url4,ADULTINITIAL
142,2000,GET_url4,ADULTINITIAL
143,0,GET_url4,ADULTINITIAL
144,0,GET_url4,ADULTINITIAL
145,0,GET_url4,ADULTRETURN
146,1000,GET_url4,PEDSRETURN
147,0,GET_url4,ADULTRETURN
148,1000,GET_url4,ADULTINITIAL
149,0,GET_url4,ADULTINITIAL
150,0,GET_url4,PEDSRETURN
151,0,GET_url4,ADULTRETURN
152,0,GET_url4,PEDSINITIAL
153,0,GET_url4,ADULTINITIAL
154,0,GET_url4,ADULTRETURN
155,1000,GET_url4,ADULTINITIAL
156,0,GET_url4,PEDSINITIAL
157,0,GET_url4,ADULTRETURN
158,0,GET_url4,ADULTRETURN
159,1000,GET_url4,PEDSINITIAL
160,1000,GET_url4,ADULTRETURN
161,0,GET_url4,ADULTINITIAL
162,0,GET_url4,ADULTRETURN
163,0,GET_url4,ADULTRETURN
164,1000,GET_url4,PEDSRETURN
165,0,GET_url4,PEDSRETURN
166,0,GET_url4,ADULTINITIAL
167,1000,GET_url4,ADULTINITIAL
168,0,GET_url4,PEDSINITIAL
169,0,GET_url4,PEDSRETURN
170,0,GET_url4,ADULTINITIAL
171,1000,GET_url4,ADULTRETURN
172,0,GET_url4,PEDSINITIAL
173,1000,GET_url4,PEDSRETURN
174,0,GET_url4,PEDSINITIAL
175,1000,GET_url4,ADULTINITIAL
176,0,GET_url4,ADULTRETURN
177,0,GET_url4,ADULTINITIAL
178,0,GET_url4,PEDSRETURN
179,0,GET_url4,PEDSRETURN
180,0,GET_url4,ADULTRETURN
181,0,GET_url4,ADULTINITIAL
182,1000,GET_url4,PEDSRETURN
183,0,GET_url4,ADULTINITIAL
184,0,GET_url4,ADULTRETURN
185,0,GET_url4,ADULTINITIAL
186,1000,GET_url4,PEDSINITIAL
187,0,GET_url4,PEDSINITIAL
188,0,GET_url4,ADULTINITIAL
189,1000,GET_url4,PEDSRETURN
190,0,GET_url4,ADULTRETURN
191,1000,GET_url4,PEDSRETURN
192,0,GET_url4,PEDSINITIAL
193,0,GET_url4,PEDSRETURN
194,0,GET_url4,ADULTINITIAL
195,0,GET_url4,ADULTRETURN
196,0,GET_url4,ADULTRETURN
197,0,GET_url4,PEDSINITIAL
198,0,GET_url4,ADULTRETURN
199,1000,GET_url4,PEDSRETURN
200,0,GET_url4,ADULTINITIAL
201,1000,GET_url4,PEDSRETURN
202,0,GET_url4,ADULTRETURN
203,1000,GET_url4,ADULTINITIAL
204,0,GET_url4,PEDSINITIAL
205,0,GET_url4,PEDSRETURN
206,0,GET_url4,PEDSINITIAL
207,1000,GET_url4,ADULTRETURN
208,0,GET_url4,PEDSRETURN
209,0,GET_url4,ADULTRETURN
210,0,GET_url4,PEDSINITIAL
211,0,GET_url4,ADULTRETURN
212,0,GET_url4,PEDSRETURN
213,0,GET_url4,ADULTINITIAL
214,1000,GET_url4,PEDSINITIAL
215,0,GET_url4,ADULTRETURN
216,0,GET_url4,PEDSRETURN
217,0,GET_url4,PEDSRETURN
218,0,GET_url4,PEDSRETURN
219,0,GET_url4,PEDSRETURN
220,0,GET_url4,ADULTRETURN
221,1000,GET_url4,PEDSINITIAL
222,0,GET_url4,PEDSRETURN
223,0,GET_url4,ADULTINITIAL
224,0,GET_url4,ADULTINITIAL
225,0,GET_url4,ADULTRETURN
226,1000,GET_url4,ADULTRETURN
227,1000,GET_url4,PEDSINITIAL
228,0,GET_url4,PEDSRETURN
229,0,GET_url4,PEDSINITIAL
230,0,GET_url4,ADULTRETURN
231,0,GET_url4,PEDSRETURN
232,0,GET_url4,PEDSINITIAL
233,1000,GET_url4,PEDSINITIAL
234,0,GET_url4,ADULTRETURN
235,0,GET_url4,ADULTRETURN
236,1000,GET_url4,PEDSRETURN
237,0,GET_url4,ADULTRETURN
238,0,GET_url4,ADULTINITIAL
239,0,GET_url4,PEDSRETURN
240,0,GET_url4,PEDSINITIAL
241,1000,GET_url4,PEDSINITIAL
242,0,GET_url4,PEDSINITIAL
243,0,GET_url4,PEDSINITIAL
244,0,GET_url4,PEDSRETURN
245,1000,GET_url4,ADULTINITIAL
246,0,GET_url4,ADULTRETURN
247,0,GET_url4,ADULTINITIAL
248,0,GET_url4,PEDSINITIAL
249,1000,GET_url4,PEDSRETURN
250,0,GET_url4,ADULTINITIAL
251,0,GET_url4,ADULTRETURN
252,0,GET_url4,ADULTRETURN
253,0,GET_url4,PEDSINITIAL
254,0,GET_url4,PEDSINITIAL
255,0,GET_url4,PEDSRETURN
256,1000,GET_url4,PEDSINITIAL
257,1000,GET_url4,ADULTINITIAL
258,0,GET_url4,ADULTINITIAL
259,0,GET_url4,ADULTINITIAL
260,0,GET_url4,ADULTRETURN
261,0,GET_url4,PEDSINITIAL
262,0,GET_url4,ADULTINITIAL
263,1000,GET_url4,ADULTINITIAL
264,0,GET_url4,PEDSRETURN
265,0,GET_url4,ADULTINITIAL
266,0,GET_url4,PEDSINITIAL
267,0,GET_url4,ADULTINITIAL
268,1000,GET_url4,ADULTRETURN
269,0,GET_url4,PEDSINITIAL
270,0,GET_url4,ADULTRETURN
271,0,GET_url4,ADULTINITIAL
272,1000,GET_url4,PEDSRETURN
273,0,GET_url4,ADULTINITIAL
274,0,GET_url4,ADULTRETURN
275,0,GET_url4,PEDSINITIAL
276,1000,GET_url4,PEDSINITIAL
277,0,GET_url4,PEDSRETURN
278,0,GET_url4,PEDSRETURN
279,0,GET_url4,PEDSINITIAL
280,1000,GET_url4,PEDSINITIAL
281,0,GET_url4,PEDSRETURN
282,0,GET_url4,PEDSINITIAL
283,0,GET_url4,ADULTRETURN
284,0,GET_url4,PEDSINITIAL
285,0,GET_url4,ADULTRETURN
286,1000,GET_url4,ADULTINITIAL
287,0,GET_url4,PEDSRETURN
288,0,GET_url4,ADULTRETURN
289,0,GET_url4,PEDSINITIAL
290,0,GET_url4,ADULTRETURN
291,0,GET_url4,ADULTINITIAL
292,1000,GET_url4,PEDSINITIAL
293,0,GET_url4,ADULTRETURN
294,0,GET_url4,ADULTRETURN
295,0,GET_url4,PEDSRETURN
296,0,GET_url4,ADULTINITIAL
297,1000,GET_url4,ADULTINITIAL
298,0,GET_url4,PEDSINITIAL
299,0,GET_url4,ADULTINITIAL
300,0,GET_url4,PEDSRETURN
301,0,GET_url4,PEDSINITIAL
302,0,GET_url4,PEDSINITIAL
303,1000,GET_url4,PEDSINITIAL
304,0,GET_url4,PEDSINITIAL
305,1000,GET_url4,ADULTRETURN
306,0,GET_url4,ADULTINITIAL
307,0,GET_url4,ADULTRETURN
308,0,GET_url4,PEDSRETURN
309,1000,GET_url4,ADULTINITIAL
310,0,GET_url4,ADULTRETURN
311,0,GET_url4,ADULTRETURN
312,0,GET_url4,ADULTINITIAL
313,1000,GET_url4,PEDSINITIAL
314,0,GET_url4,ADULTRETURN
315,0,GET_url4,PEDSINITIAL
316,0,GET_url4,PEDSRETURN
317,0,GET_url4,PEDSINITIAL
318,0,GET_url4,ADULTINITIAL
319,0,GET_url4,PEDSINITIAL
320,0,GET_url4,PEDSRETURN
321,0,GET_url4,PEDSRETURN
322,1000,GET_url4,PEDSINITIAL
323,0,GET_url4,PEDSINITIAL
324,1000,GET_url4,ADULTRETURN
325,0,GET_url4,ADULTRETURN
326,0,GET_url4,PEDSINITIAL
327,0,GET_url4,PEDSRETURN
328,0,GET_url4,ADULTRETURN
329,0,GET_url4,ADULTINITIAL
330,0,GET_url4,ADULTRETURN
331,1000,GET_url4,PEDSINITIAL
332,0,GET_url4,PEDSRETURN
333,1000,GET_url4,PEDSINITIAL
334,0,GET_url4,ADULTINITIAL
335,0,GET_url4,ADULTRETURN
336,0,GET_url4,PEDSINITIAL
337,0,GET_url4,PEDSRETURN
338,0,GET_url4,PEDSRETURN
339,1000,GET_url4,ADULTRETURN
340,0,GET_url4,ADULTRETURN
341,1000,GET_url4,PEDSINITIAL
342,0,GET_url4,ADULTRETURN
343,0,GET_url4,ADULTINITIAL
344,0,GET_url4,ADULTRETURN
345,1000,GET_url4,ADULTINITIAL
346,0,GET_url4,PEDSRETURN
347,0,GET_url4,PEDSINITIAL
348,0,GET_url4,PEDSINITIAL
349,1000,GET_url4,PEDSRETURN
350,0,GET_url4,ADULTRETURN
351,0,GET_url4,ADULTRETURN
352,0,GET_url4,PEDSINITIAL
353,0,GET_url4,ADULTRETURN
354,0,GET_url4,PEDSINITIAL
355,1000,GET_url4,PEDSINITIAL
356,0,GET_url4,PEDSINITIAL
357,0,GET_url4,ADULTRETURN
358,0,GET_url4,PEDSINITIAL
359,0,GET_url4,ADULTINITIAL
360,0,GET_url4,ADULTRETURN
361,0,GET_url4,PEDSRETURN
362,1000,GET_url4,PEDSRETURN
363,1000,GET_url4,ADULTRETURN
364,0,GET_url4,ADULTRETURN
365,0,GET_url4,ADULTINITIAL
366,0,GET_url4,PEDSINITIAL
367,1000,GET_url4,PEDSRETURN
368,0,GET_url4,ADULTRETURN
369,0,GET_url4,PEDSINITIAL
370,1000,GET_url4,PEDSINITIAL
371,0,GET_url4,ADULTRETURN
372,0,GET_url4,ADULTRETURN
373,0,GET_url4,ADULTRETURN
374,0,GET_url4,ADULTRETURN
375,1000,GET_url4,PEDSRETURN
376,0,GET_url4,PEDSINITIAL
377,0,GET_url4,PEDSINITIAL
378,0,GET_url4,ADULTINITIAL
379,0,GET_url4,ADULTRETURN
380,0,GET_url4,PEDSINITIAL
381,1000,GET_url4,PEDSRETURN
382,0,GET_url4,PEDSRETURN
383,0,GET_url4,PEDSINITIAL
384,1000,GET_url4,ADULTRETURN
385,0,GET_url4,PEDSINITIAL
386,0,GET_url4,ADULTINITIAL
387,0,GET_url4,PEDSINITIAL
388,0,GET_url4,PEDSRETURN
389,1000,GET_url4,ADULTRETURN
390,0,GET_url4,ADULTRETURN
391,0,GET_url4,ADULTRETURN
392,0,GET_url4,ADULTRETURN
393,1000,GET_url4,ADULTINITIAL
394,0,GET_url4,ADULTINITIAL
395,0,GET_url4,PEDSINITIAL
396,0,GET_url4,PEDSRETURN
397,0,GET_url4,PEDSRETURN
398,0,GET_url4,ADULTINITIAL
399,0,GET_url4,ADULTINITIAL
400,1000,GET_url4,ADULTRETURN
401,0,GET_url4,PEDSRETURN
402,1000,GET_url4,ADULTRETURN
403,0,GET_url4,PEDSRETURN
404,0,GET_url4,ADULTRETURN
405,0,GET_url4,ADULTINITIAL
406,0,GET_url4,PEDSRETURN
407,1000,GET_url4,PEDSRETURN
408,0,GET_url4,ADULTINITIAL
409,0,GET_url4,PEDSRETURN
410,0,GET_url4,ADULTINITIAL
411,0,GET_url4,PEDSINITIAL
412,0,GET_url4,ADULTRETURN
413,0,GET_url4,ADULTRETURN
414,0,GET_url4,ADULTRETURN
415,0,GET_url4,PEDSRETURN
416,1000,GET_url4,PEDSRETURN
417,0,GET_url4,PEDSRETURN
418,1000,GET_url4,ADULTRETURN
419,0,GET_url4,PEDSINITIAL
420,0,GET_url4,ADULTINITIAL
421,0,GET_url4,PEDSRETURN
422,0,GET_url4,PEDSINITIAL
423,1000,GET_url4,PEDSRETURN
424,0,GET_url4,ADULTINITIAL
425,0,GET_url4,PEDSINITIAL
426,0,GET_url4,ADULTINITIAL
427,0,GET_url4,ADULTRETURN
428,0,GET_url4,ADULTRETURN
429,0,GET_url4,ADULTINITIAL
430,1000,GET_url4,ADULTINITIAL
431,0,GET_url4,ADULTRETURN
432,1000,GET_url4,ADULTINITIAL
433,0,GET_url4,PEDSRETURN
434,0,GET_url4,ADULTRETURN
435,0,GET_url4,ADULTRETURN
436,0,GET_url4,PEDSRETURN
437,0,GET_url4,ADULTINITIAL
438,1000,GET_url4,PEDSRETURN
439,0,GET_url4,ADULTRETURN
440,0,GET_url4,ADULTINITIAL
441,1000,GET_url4,PEDSINITIAL
442,0,GET_url4,PEDSINITIAL
443,0,GET_url4,PEDSRETURN
444,1000,GET_url4,ADULTINITIAL
445,0,GET_url4,ADULTRETURN
446,0,GET_url4,ADULTRETURN
447,0,GET_url4,PEDSINITIAL
448,0,GET_url4,ADULTRETURN
449,1000,GET_url4,PEDSRETURN
450,0,GET_url4,PEDSRETURN
451,0,GET_url4,PEDSINITIAL
452,0,GET_url4,PEDSINITIAL
453,1000,GET_url4,ADULTRETURN
454,0,GET_url4,ADULTRETURN
455,0,GET_url4,PEDSINITIAL
456,0,GET_url4,PEDSINITIAL
457,1000,GET_url4,PEDSINITIAL
458,0,GET_url4,ADULTRETURN
459,0,GET_url4,PEDSINITIAL
460,0,GET_url4,ADULTINITIAL
461,1000,GET_url4,PEDSRETURN
462,0,GET_url4,ADULTRETURN
463,0,GET_url4,ADULTRETURN
464,0,GET_url4,PEDSINITIAL
465,1000,GET_url4,PEDSINITIAL
466,0,GET_url4,PEDSINITIAL
467,1000,GET_url4,PEDSINITIAL
468,0,GET_url4,PEDSINITIAL
469,0,GET_url4,PEDSINITIAL
470,1000,GET_url4,PEDSRETURN
471,0,GET_url4,ADULTINITIAL
472,0,GET_url4,PEDSINITIAL
473,0,GET_url4,ADULTRETURN
474,1000,GET_url4,ADULTINITIAL
475,0,GET_url4,ADULTRETURN
476,0,GET_url4,PEDSRETURN
477,0,GET_url4,ADULTRETURN
478,0,GET_url4,ADULTINITIAL
479,0,GET_url4,ADULTRETURN
480,0,GET_url4,PEDSINITIAL
481,1000,GET_url4,ADULTRETURN
482,0,GET_url4,PEDSRETURN
483,0,GET_url4,PEDSINITIAL
484,0,GET_url4,PEDSINITIAL
485,0,GET_url4,PEDSRETURN
486,0,GET_url4,PEDSRETURN
487,1000,GET_url4,PEDSINITIAL
488,0,GET_url4,ADULTRETURN
489,0,GET_url4,PEDSINITIAL
490,0,GET_url4,PEDSINITIAL
491,1000,GET_url4,PEDSINITIAL
492,0,GET_url4,PEDSINITIAL
493,0,GET_url4,PEDSRETURN
494,0,GET_url4,PEDSRETURN
495,1000,GET_url4,ADULTRETURN
496,0,GET_url4,ADULTINITIAL
497,1000,GET_url4,ADULTRETURN
498,0,GET_url4,PEDSRETURN
499,0,GET_url4,PEDSINITIAL
500,1000,GET_url4,PEDSINITIAL
501,0,GET_url4,PEDSINITIAL
502,0,GET_url4,ADULTRETURN
503,0,GET_url4,PEDSINITIAL
504,1000,GET_url4,PEDSRETURN
505,0,GET_url4,PEDSINITIAL
506,0,GET_url4,ADULTRETURN
507,0,GET_url4,ADULTRETURN
508,1000,GET_url4,PEDSINITIAL
509,0,GET_url4,PEDSINITIAL
510,0,GET_url4,PEDSRETURN
511,0,GET_url4,ADULTRETURN
512,0,GET_url4,PEDSINITIAL
513,1000,GET_url4,PEDSRETURN
514,0,GET_url4,PEDSINITIAL
515,0,GET_url4,ADULTINITIAL
516,0,GET_url4,PEDSINITIAL
517,1000,GET_url4,PEDSINITIAL
518,0,GET_url4,PEDSINITIAL
519,0,GET_url4,PEDSINITIAL
520,0,GET_url4,ADULTRETURN
521,1000,GET_url4,PEDSINITIAL
522,0,GET_url4,PEDSINITIAL
523,0,GET_url4,PEDSINITIAL
524,0,GET_url4,PEDSINITIAL
525,0,GET_url4,ADULTINITIAL
526,1000,GET_url4,PEDSINITIAL
527,0,GET_url4,PEDSINITIAL
528,0,GET_url4,PEDSINITIAL
529,0,GET_url4,ADULTINITIAL
530,1000,GET_url4,PEDSINITIAL
531,0,GET_url4,ADULTINITIAL
532,0,GET_url4,PEDSINITIAL
533,0,GET_url4,ADULTRETURN
534,1000,GET_url4,ADULTINITIAL
535,0,GET_url4,ADULTINITIAL
536,0,GET_url4,PEDSRETURN
537,0,GET_url4,ADULTRETURN
538,1000,GET_url4,PEDSINITIAL
539,0,GET_url4,PEDSINITIAL
540,1000,GET_url4,ADULTINITIAL
541,1000,GET_url4,ADULTRETURN
542,0,GET_url4,ADULTRETURN
543,0,GET_url4,PEDSINITIAL
544,0,GET_url4,PEDSINITIAL
545,0,GET_url4,ADULTINITIAL
546,0,GET_url4,PEDSINITIAL
547,1000,GET_url4,PEDSINITIAL
548,0,GET_url4,PEDSINITIAL
549,0,GET_url4,PEDSINITIAL
550,0,GET_url4,ADULTRETURN
551,1000,GET_url4,ADULTINITIAL
552,0,GET_url4,PEDSRETURN
553,1000,GET_url4,PEDSRETURN
554,0,GET_url4,PEDSINITIAL
555,0,GET_url4,ADULTINITIAL
556,0,GET_url4,PEDSINITIAL
557,1000,GET_url4,ADULTRETURN
558,0,GET_url4,ADULTINITIAL
559,0,GET_url4,ADULTINITIAL
560,1000,GET_url4,ADULTRETURN
561,0,GET_url4,PEDSINITIAL
562,0,GET_url4,PEDSINITIAL
563,0,GET_url4,PEDSINITIAL
564,0,GET_url4,PEDSINITIAL
565,0,GET_url4,PEDSRETURN
566,0,GET_url4,PEDSINITIAL
567,0,GET_url4,ADULTINITIAL
568,0,GET_url4,PEDSINITIAL
569,1000,GET_url4,ADULTRETURN
570,0,GET_url4,ADULTRETURN
571,0,GET_url4,ADULTRETURN
572,0,GET_url4,PEDSINITIAL
573,0,GET_url4,ADULTRETURN
574,1000,GET_url4,PEDSINITIAL
575,0,GET_url4,ADULTINITIAL
576,1000,GET_url4,PEDSRETURN
577,0,GET_url4,ADULTINITIAL
578,0,GET_url4,ADULTINITIAL
579,0,GET_url4,PEDSRETURN
580,0,GET_url4,PEDSINITIAL
581,0,GET_url4,ADULTRETURN
582,0,GET_url4,PEDSINITIAL
583,1000,GET_url4,PEDSINITIAL
584,0,GET_url4,ADULTRETURN
585,0,GET_url4,ADULTINITIAL
586,1000,GET_url4,PEDSINITIAL
587,0,GET_url4,PEDSINITIAL
588,0,GET_url4,ADULTINITIAL
589,0,GET_url4,PEDSINITIAL
590,0,GET_url4,PEDSINITIAL
591,0,GET_url4,PEDSRETURN
592,1000,GET_url4,PEDSRETURN
593,0,GET_url4,ADULTINITIAL
594,0,GET_url4,PEDSRETURN
595,0,GET_url4,PEDSINITIAL
596,0,GET_url4,PEDSINITIAL
597,1000,GET_url4,PEDSRETURN
598,0,GET_url4,ADULTRETURN
599,1000,GET_url4,PEDSINITIAL
600,0,GET_url4,ADULTINITIAL
601,0,GET_url4,PEDSRETURN
602,0,GET_url4,ADULTINITIAL
603,0,GET_url4,PEDSINITIAL
604,0,GET_url4,PEDSRETURN
605,1000,GET_url4,PEDSINITIAL
606,0,GET_url4,PEDSINITIAL
607,0,GET_url4,PEDSINITIAL
608,1000,GET_url4,ADULTRETURN
609,0,GET_url4,ADULTRETURN
610,0,GET_url4,PEDSINITIAL
611,0,GET_url4,ADULTINITIAL
612,0,GET_url4,PEDSINITIAL
613,0,GET_url4,ADULTINITIAL
614,0,GET_url4,PEDSINITIAL
615,1000,GET_url4,ADULTINITIAL
616,0,GET_url4,ADULTRETURN
617,0,GET_url4,PEDSRETURN
618,0,GET_url4,ADULTINITIAL
619,0,GET_url4,ADULTRETURN
620,0,GET_url4,ADULTINITIAL
621,0,GET_url4,ADULTRETURN
622,1000,GET_url4,ADULTRETURN
623,0,GET_url4,PEDSINITIAL
624,0,GET_url4,ADULTRETURN
625,0,GET_url4,ADULTRETURN
626,1000,GET_url4,ADULTRETURN
627,0,GET_url4,PEDSRETURN
628,0,GET_url4,ADULTRETURN
629,0,GET_url4,PEDSINITIAL
630,1000,GET_url4,ADULTINITIAL
631,0,GET_url4,PEDSRETURN
632,0,GET_url4,PEDSINITIAL
633,0,GET_url4,ADULTRETURN
634,0,GET_url4,ADULTRETURN
635,0,GET_url4,ADULTRETURN
636,0,GET_url4,ADULTINITIAL
637,0,GET_url4,ADULTRETURN
638,1000,GET_url4,PEDSINITIAL
639,1000,GET_url4,ADULTRETURN
640,0,GET_url4,ADULTRETURN
641,0,GET_url4,PEDSRETURN
642,1000,GET_url4,ADULTINITIAL
643,0,GET_url4,PEDSINITIAL
644,0,GET_url4,ADULTINITIAL
645,1000,GET_url4,PEDSRETURN
646,0,GET_url4,ADULTRETURN
647,0,GET_url4,ADULTRETURN
648,0,GET_url4,PEDSRETURN
649,0,GET_url4,ADULTRETURN
650,1000,GET_url4,PEDSRETURN
651,0,GET_url4,PEDSINITIAL
652,0,GET_url4,ADULTRETURN
653,0,GET_url4,ADULTINITIAL
654,0,GET_url4,PEDSINITIAL
655,1000,GET_url4,ADULTRETURN
656,0,GET_url4,PEDSRETURN
657,0,GET_url4,PEDSINITIAL
658,0,GET_url4,ADULTRETURN
659,0,GET_url4,ADULTRETURN
660,0,GET_url4,PEDSRETURN
661,1000,GET_url4,PEDSINITIAL
662,0,GET_url4,PEDSRETURN
663,0,GET_url4,ADULTINITIAL
664,1000,GET_url4,ADULTRETURN
665,0,GET_url4,PEDSINITIAL
666,0,GET_url4,ADULTINITIAL
667,0,GET_url4,PEDSINITIAL
668,0,GET_url4,ADULTINITIAL
669,0,GET_url4,ADULTINITIAL
670,1000,GET_url4,ADULTINITIAL
671,0,GET_url4,ADULTRETURN
672,0,GET_url4,PEDSRETURN
673,0,GET_url4,ADULTINITIAL
674,0,GET_url4,PEDSINITIAL
675,1000,GET_url4,ADULTRETURN
676,0,GET_url4,ADULTRETURN
677,1000,GET_url4,PEDSRETURN
678,0,GET_url4,PEDSINITIAL
679,0,GET_url4,ADULTINITIAL
680,0,GET_url4,PEDSRETURN
681,0,GET_url4,ADULTRETURN
682,1000,GET_url4,PEDSINITIAL
683,0,GET_url4,PEDSRETURN
684,0,GET_url4,ADULTINITIAL
685,0,GET_url4,ADULTINITIAL
686,1000,GET_url4,ADULTINITIAL
687,0,GET_url4,PEDSRETURN
688,0,GET_url4,PEDSRETURN
689,1000,GET_url4,PEDSINITIAL
690,0,GET_url4,PEDSINITIAL
691,0,GET_url4,ADULTINITIAL
692,0,GET_url4,ADULTINITIAL
693,1000,GET_url4,ADULTINITIAL
694,0,GET_url4,PEDSRETURN
695,0,GET_url4,ADULTRETURN
696,1000,GET_url4,PEDSRETURN
697,0,GET_url4,ADULTINITIAL
698,0,GET_url4,PEDSRETURN
699,0,GET_url4,ADULTRETURN
700,1000,GET_url4,ADULTRETURN
701,0,GET_url4,ADULTINITIAL
702,0,GET_url4,ADULTINITIAL
703,1000,GET_url4,ADULTINITIAL
704,1000,GET_url4,ADULTRETURN
705,0,GET_url4,ADULTRETURN
706,0,GET_url4,ADULTRETURN
707,0,GET_url4,PEDSINITIAL
708,1000,GET_url4,PEDSINITIAL
709,0,GET_url4,ADULTINITIAL
710,0,GET_url4,ADULTRETURN
711,0,GET_url4,PEDSRETURN
712,0,GET_url4,ADULTINITIAL
713,0,GET_url4,PEDSRETURN
714,1000,GET_url4,PEDSRETURN
715,0,GET_url4,ADULTRETURN
716,1000,GET_url4,ADULTINITIAL
717,0,GET_url4,PEDSRETURN
718,0,GET_url4,ADULTINITIAL
719,0,GET_url4,PEDSRETURN
720,0,GET_url4,ADULTINITIAL
721,1000,GET_url4,ADULTRETURN
722,0,GET_url4,ADULTRETURN
723,0,GET_url4,PEDSRETURN
724,0,GET_url4,PEDSINITIAL
725,0,GET_url4,ADULTINITIAL
726,0,GET_url4,ADULTRETURN
727,1000,GET_url4,ADULTINITIAL
728,0,GET_url4,ADULTRETURN
729,0,GET_url4,ADULTRETURN
730,0,GET_url4,ADULTINITIAL
731,0,GET_url4,ADULTRETURN
732,1000,GET_url4,PEDSRETURN
733,0,GET_url4,PEDSRETURN
734,0,GET_url4,ADULTRETURN
735,0,GET_url4,ADULTINITIAL
736,0,GET_url4,ADULTRETURN
737,0,GET_url4,PEDSRETURN
738,0,GET_url4,ADULTINITIAL
739,0,GET_url4,ADULTINITIAL
740,0,GET_url4,ADULTRETURN
741,1000,GET_url4,PEDSINITIAL
742,0,GET_url4,ADULTINITIAL
743,1000,GET_url4,ADULTINITIAL
744,0,GET_url4,ADULTRETURN
745,0,GET_url4,ADULTRETURN
746,0,GET_url4,ADULTINITIAL
747,0,GET_url4,ADULTRETURN
748,0,GET_url4,PEDSRETURN
749,0,GET_url4,PEDSINITIAL
750,1000,GET_url4,PEDSINITIAL
751,0,GET_url4,ADULTRETURN
752,0,GET_url4,ADULTRETURN
753,0,GET_url4,ADULTINITIAL
754,0,GET_url4,PEDSINITIAL
755,1000,GET_url4,PEDSRETURN
756,0,GET_url4,PEDSRETURN
757,0,GET_url4,ADULTRETURN
758,0,GET_url4,ADULTRETURN
759,0,GET_url4,ADULTRETURN
760,0,GET_url4,PEDSRETURN
761,1000,GET_url4,PEDSRETURN
762,0,GET_url4,PEDSRETURN
763,0,GET_url4,ADULTINITIAL
764,0,GET_url4,PEDSINITIAL
765,0,GET_url4,ADULTRETURN
766,0,GET_url4,PEDSRETURN
767,1000,GET_url4,ADULTINITIAL
768,0,GET_url4,PEDSRETURN
769,0,GET_url4,ADULTRETURN
770,0,GET_url4,ADULTINITIAL
771,0,GET_url4,ADULTRETURN
772,0,GET_url4,ADULTRETURN
773,1000,GET_url4,PEDSRETURN
774,0,GET_url4,ADULTRETURN
775,0,GET_url4,PEDSRETURN
776,1000,GET_url4,ADULTINITIAL
777,0,GET_url4,ADULTINITIAL
778,0,GET_url4,PEDSINITIAL
779,1000,GET_url4,ADULTINITIAL
780,0,GET_url4,ADULTRETURN
781,0,GET_url4,PEDSINITIAL
782,0,GET_url4,ADULTINITIAL
783,1000,GET_url4,ADULTRETURN
784,0,GET_url4,PEDSINITIAL
785,0,GET_url4,PEDSINITIAL
786,1000,GET_url4,ADULTINITIAL
787,0,GET_url4,PEDSINITIAL
788,0,GET_url4,PEDSRETURN
789,0,GET_url4,ADULTINITIAL
790,1000,GET_url4,ADULTRETURN
791,0,GET_url4,PEDSINITIAL
792,0,GET_url4,ADULTINITIAL
793,0,GET_url4,ADULTRETURN
794,0,GET_url4,PEDSINITIAL
795,0,GET_url4,PEDSRETURN
796,0,GET_url4,ADULTRETURN
797,1000,GET_url4,PEDSRETURN
798,0,GET_url4,ADULTRETURN
799,0,GET_url4,ADULTINITIAL
800,1000,GET_url4,PEDSINITIAL
801,0,GET_url4,ADULTINITIAL
802,1000,GET_url4,ADULTRETURN
803,0,GET_url4,ADULTINITIAL
804,0,GET_url4,ADULTINITIAL
805,1000,GET_url4,PEDSRETURN
806,0,GET_url4,PEDSINITIAL
807,0,GET_url4,ADULTRETURN
808,0,GET_url4,ADULTINITIAL
809,1000,GET_url4,PEDSRETURN
810,0,GET_url4,ADULTRETURN
811,0,GET_url4,PEDSRETURN
812,0,GET_url4,PEDSRETURN
813,1000,GET_url4,PEDSRETURN
814,1000,GET_url4,PEDSRETURN
815,0,GET_url4,ADULTRETURN
816,0,GET_url4,PEDSINITIAL
817,0,GET_url4,ADULTINITIAL
818,0,GET_url4,PEDSINITIAL
819,1000,GET_url4,PEDSINITIAL
820,0,GET_url4,PEDSINITIAL
821,0,GET_url4,ADULTINITIAL
822,0,GET_url4,ADULTRETURN
823,0,GET_url4,ADULTINITIAL
824,0,GET_url4,ADULTRETURN
825,0,GET_url4,PEDSINITIAL
826,1000,GET_url4,ADULTINITIAL
827,0,GET_url4,ADULTINITIAL
828,0,GET_url4,PEDSRETURN
829,0,GET_url4,ADULTINITIAL
830,0,GET_url4,ADULTINITIAL
831,0,GET_url4,PEDSRETURN
832,0,GET_url4,ADULTRETURN
833,0,GET_url4,PEDSRETURN
834,1000,GET_url4,PEDSINITIAL
835,0,GET_url4,PEDSRETURN
836,0,GET_url4,PEDSINITIAL
837,0,GET_url4,ADULTINITIAL
838,0,GET_url4,ADULTRETURN
839,0,GET_url4,PEDSRETURN
840,1000,GET_url4,ADULTRETURN
841,0,GET_url4,ADULTRETURN
842,0,GET_url4,ADULTRETURN
843,0,GET_url4,ADULTINITIAL
844,0,GET_url4,ADULTRETURN
845,1000,GET_url4,PEDSRETURN
846,1000,GET_url4,ADULTRETURN
847,0,GET_url4,ADULTRETURN
848,0,GET_url4,ADULTINITIAL
849,0,GET_url4,PEDSRETURN
850,0,GET_url4,PEDSRETURN
851,0,GET_url4,PEDSRETURN
852,0,GET_url4,PEDSRETURN
853,0,GET_url4,PEDSRETURN
854,1000,GET_url4,ADULTRETURN
855,0,GET_url4,PEDSRETURN
856,0,GET_url4,ADULTINITIAL
857,0,GET_url4,PEDSRETURN
858,0,GET_url4,ADULTINITIAL
859,0,GET_url4,ADULTINITIAL
860,0,GET_url4,PEDSINITIAL
861,1000,GET_url4,PEDSINITIAL
862,0,GET_url4,PEDSRETURN
863,0,GET_url4,ADULTRETURN
864,0,GET_url4,ADULTINITIAL
865,0,GET_url4,PEDSINITIAL
866,1000,GET_url4,PEDSRETURN
867,0,GET_url4,PEDSRETURN
868,0,GET_url4,ADULTRETURN
869,0,GET_url4,ADULTRETURN
870,1000,GET_url4,PEDSRETURN
871,0,GET_url4,PEDSINITIAL
872,0,GET_url4,PEDSRETURN
873,0,GET_url4,PEDSRETURN
874,0,GET_url4,ADULTRETURN
875,0,GET_url4,ADULTINITIAL
876,0,GET_url4,ADULTINITIAL
877,0,GET_url4,ADULTINITIAL
878,0,GET_url4,ADULTRETURN
879,1000,GET_url4,PEDSINITIAL
880,0,GET_url4,PEDSRETURN
881,0,GET_url4,ADULTINITIAL
882,0,GET_url4,PEDSINITIAL
883,1000,GET_url4,ADULTINITIAL
884,0,GET_url4,ADULTRETURN
885,0,GET_url4,PEDSINITIAL
886,0,GET_url4,PEDSRETURN
887,0,GET_url4,ADULTINITIAL
888,1000,GET_url4,PEDSRETURN
889,0,GET_url4,PEDSRETURN
890,0,GET_url4,PEDSRETURN
891,0,GET_url4,ADULTRETURN
892,0,GET_url4,PEDSRETURN
893,0,GET_url4,ADULTINITIAL
894,0,GET_url4,ADULTRETURN
895,0,GET_url4,ADULTRETURN
896,0,GET_url4,ADULTINITIAL
897,1000,GET_url4,PEDSRETURN
898,0,GET_url4,PEDSRETURN
899,0,GET_url4,PEDSRETURN
900,0,GET_url4,ADULTINITIAL
901,0,GET_url4,ADULTINITIAL
902,0,GET_url4,PEDSRETURN
903,1000,GET_url4,PEDSRETURN
904,0,GET_url4,ADULTRETURN
905,0,GET_url4,PEDSRETURN
906,0,GET_url4,PEDSINITIAL
907,0,GET_url4,PEDSRETURN
908,1000,GET_url4,ADULTINITIAL
909,0,GET_url4,PEDSINITIAL
910,1000,GET_url4,ADULTINITIAL
911,0,GET_url4,PEDSRETURN
912,0,GET_url4,PEDSRETURN
913,0,GET_url4,PEDSRETURN
914,1000,GET_url4,PEDSINITIAL
915,0,GET_url4,PEDSRETURN
916,0,GET_url4,ADULTINITIAL
917,0,GET_url4,PEDSRETURN
918,0,GET_url4,PEDSRETURN
919,0,GET_url4,PEDSRETURN
920,0,GET_url4,PEDSINITIAL
921,1000,GET_url4,ADULTRETURN
922,0,GET_url4,PEDSINITIAL
923,1000,GET_url4,ADULTRETURN
924,0,GET_url4,PEDSINITIAL
925,0,GET_url4,ADULTINITIAL
926,0,GET_url4,ADULTINITIAL
927,0,GET_url4,ADULTINITIAL
928,0,GET_url4,ADULTRETURN
929,1000,GET_url4,PEDSINITIAL
930,0,GET_url4,PEDSRETURN
931,0,GET_url4,ADULTINITIAL
932,0,GET_url4,PEDSINITIAL
933,0,GET_url4,ADULTRETURN
934,1000,GET_url4,PEDSRETURN
935,0,GET_url4,ADULTRETURN
936,0,GET_url4,PEDSINITIAL
937,0,GET_url4,PEDSINITIAL
938,1000,GET_url4,PEDSRETURN
939,1000,GET_url4,ADULTINITIAL
940,0,GET_url4,PEDSINITIAL
941,1000,GET_url4,PEDSINITIAL
942,0,GET_url4,ADULTINITIAL
943,0,GET_url4,ADULTRETURN
944,1000,GET_url4,ADULTINITIAL
945,0,GET_url4,PEDSINITIAL
946,0,GET_url4,PEDSINITIAL
947,1000,GET_url4,PEDSINITIAL
948,0,GET_url4,ADULTINITIAL
949,0,GET_url4,ADULTRETURN
950,1000,GET_url4,ADULTRETURN
951,0,GET_url4,PEDSINITIAL
952,1000,GET_url4,PEDSINITIAL
953,0,GET_url4,ADULTRETURN
954,1000,GET_url4,PEDSINITIAL
955,0,GET_url4,PEDSINITIAL
956,1000,GET_url4,ADULTRETURN
957,0,GET_url4,PEDSINITIAL
958,0,GET_url4,ADULTINITIAL
959,1000,GET_url4,ADULTRETURN
960,0,GET_url4,PEDSINITIAL
961,0,GET_url4,PEDSINITIAL
962,1000,GET_url4,PEDSINITIAL
963,0,GET_url4,PEDSRETURN
964,0,GET_url4,ADULTINITIAL
965,0,GET_url4,PEDSRETURN
966,0,GET_url4,ADULTRETURN
967,0,GET_url4,ADULTRETURN
968,1000,GET_url4,PEDSINITIAL
969,0,GET_url4,PEDSINITIAL
970,1000,GET_url4,PEDSINITIAL
971,0,GET_url4,ADULTINITIAL
972,0,GET_url4,ADULTINITIAL
973,0,GET_url4,PEDSRETURN
974,1000,GET_url4,PEDSINITIAL
975,0,GET_url4,PEDSRETURN
976,0,GET_url4,ADULTINITIAL
977,0,GET_url4,ADULTRETURN
978,0,GET_url4,ADULTINITIAL
979,0,GET_url4,PEDSINITIAL
980,1000,GET_url4,PEDSINITIAL
981,0,GET_url4,PEDSINITIAL
982,1000,GET_url4,PEDSINITIAL
983,0,GET_url4,PEDSINITIAL
984,0,GET_url4,PEDSRETURN
985,0,GET_url4,ADULTRETURN
986,0,GET_url4,PEDSINITIAL
987,1000,GET_url4,ADULTRETURN
988,0,GET_url4,PEDSRETURN
989,0,GET_url4,ADULTINITIAL
990,1000,GET_url4,ADULTRETURN
991,0,GET_url4,ADULTINITIAL
992,0,GET_url4,ADULTRETURN
993,0,GET_url4,PEDSINITIAL
994,1000,GET_url4,PEDSINITIAL
995,0,GET_url4,PEDSINITIAL
996,1000,GET_url4,ADULTRETURN
997,0,GET_url4,ADULTRETURN
998,1000,GET_url4,PEDSINITIAL
999,0,GET_url4,PEDSRETURN
1000,0,GET_url4,ADULTINITIAL
1001,1000,GET_url4,PEDSINITIAL
1002,1000,GET_url4,ADULTINITIAL
1003,0,GET_url4,ADULTRETURN
1004,0,GET_url4,ADULTRETURN
1005,0,GET_url4,PEDSINITIAL
1006,0,GET_url4,PEDSINITIAL
1007,1000,GET_url4,ADULTRETURN
1008,0,GET_url4,PEDSINITIAL
1009,0,GET_url4,ADULTRETURN
1010,0,GET_url4,PEDSRETURN
1011,1000,GET_url4,PEDSINITIAL
1012,0,GET_url4,ADULTRETURN
1013,0,GET_url4,ADULTINITIAL
1014,0,GET_url4,ADULTINITIAL
1015,0,GET_url4,PEDSINITIAL
1016,1000,GET_url4,ADULTRETURN
1017,0,GET_url4,PEDSRETURN
1018,0,GET_url4,ADULTRETURN
1019,0,GET_url4,PEDSINITIAL
1020,0,GET_url4,ADULTRETURN
1021,1000,GET_url4,PEDSINITIAL
1022,0,GET_url4,ADULTRETURN
1023,0,GET_url4,ADULTINITIAL
1024,0,GET_url4,PEDSINITIAL
1025,0,GET_url4,ADULTINITIAL
1026,0,GET_url4,PEDSINITIAL
1027,0,GET_url4,PEDSRETURN
1028,0,GET_url4,ADULTRETURN
1029,1000,GET_url4,ADULTRETURN
1030,0,GET_url4,PEDSRETURN
1031,0,GET_url4,ADULTRETURN
1032,0,GET_url4,ADULTRETURN
1033,0,GET_url4,ADULTINITIAL
1034,0,GET_url4,ADULTRETURN
1035,0,GET_url4,PEDSINITIAL
1036,0,GET_url4,PEDSINITIAL
1037,0,GET_url4,ADULTRETURN
1038,0,GET_url4,ADULTRETURN
1039,0,GET_url4,ADULTINITIAL
1040,1000,GET_url4,ADULTRETURN
1041,0,GET_url4,ADULTRETURN
1042,0,GET_url4,PEDSINITIAL
1043,0,GET_url4,ADULTINITIAL
1044,0,GET_url4,PEDSINITIAL
1045,0,GET_url4,ADULTINITIAL
1046,1000,GET_url4,ADULTRETURN
1047,0,GET_url4,PEDSRETURN
1048,0,GET_url4,ADULTINITIAL
1049,0,GET_url4,PEDSRETURN
1050,0,GET_url4,PEDSINITIAL
1051,0,GET_url4,ADULTINITIAL
1052,0,GET_url4,ADULTINITIAL
1053,0,GET_url4,ADULTRETURN
1054,1000,GET_url4,ADULTRETURN
1055,0,GET_url4,PEDSINITIAL
1056,0,GET_url4,ADULTRETURN
1057,1000,GET_url4,PEDSINITIAL
1058,0,GET_url4,PEDSRETURN
1059,0,GET_url4,PEDSINITIAL
1060,1000,GET_url4,PEDSRETURN
1061,0,GET_url4,PEDSINITIAL
1062,0,GET_url4,ADULTRETURN
1063,0,GET_url4,ADULTRETURN
1064,0,GET_url4,ADULTINITIAL
1065,0,GET_url4,ADULTINITIAL
1066,0,GET_url4,ADULTRETURN
1067,0,GET_url4,ADULTINITIAL
1068,1000,GET_url4,ADULTINITIAL
1069,0,GET_url4,PEDSINITIAL
1070,0,GET_url4,ADULTRETURN
1071,0,GET_url4,PEDSRETURN
1072,0,GET_url4,PEDSINITIAL
1073,1000,GET_url4,ADULTRETURN
1074,0,GET_url4,ADULTRETURN
1075,0,GET_url4,ADULTINITIAL
1076,1000,GET_url4,ADULTRETURN
1077,0,GET_url4,ADULTRETURN
1078,0,GET_url4,PEDSINITIAL
1079,0,GET_url4,ADULTRETURN
1080,0,GET_url4,PEDSRETURN
1081,1000,GET_url4,PEDSRETURN
1082,0,GET_url4,ADULTRETURN
1083,0,GET_url4,PEDSRETURN
1084,0,GET_url4,ADULTRETURN
1085,0,GET_url4,ADULTRETURN
1086,0,GET_url4,PEDSINITIAL
1087,0,GET_url4,ADULTINITIAL
1088,1000,GET_url4,ADULTINITIAL
1089,0,GET_url4,ADULTINITIAL
1090,0,GET_url4,PEDSRETURN
1091,0,GET_url4,ADULTRETURN
1092,0,GET_url4,PEDSRETURN
1093,0,GET_url4,PEDSINITIAL
1094,1000,GET_url4,ADULTINITIAL
1095,0,GET_url4,ADULTINITIAL
1096,0,GET_url4,ADULTINITIAL
1097,0,GET_url4,ADULTRETURN
1098,0,GET_url4,PEDSRETURN
1099,0,GET_url4,PEDSRETURN
1100,1000,GET_url4,ADULTINITIAL
1101,0,GET_url4,PEDSRETURN
1102,0,GET_url4,PEDSRETURN
1103,0,GET_url4,ADULTRETURN
1104,0,GET_url4,PEDSINITIAL
1105,0,GET_url4,ADULTINITIAL
1106,0,GET_url4,ADULTRETURN
1107,1000,GET_url4,ADULTRETURN
1108,0,GET_url4,ADULTRETURN
1109,0,GET_url4,ADULTRETURN
1110,0,GET_url4,ADULTRETURN
1111,0,GET_url4,PEDSRETURN
1112,0,GET_url4,PEDSRETURN
1113,1000,GET_url4,ADULTRETURN
1114,0,GET_url4,ADULTINITIAL
1115,0,GET_url4,ADULTRETURN
1116,1000,GET_url4,PEDSINITIAL
1117,0,GET_url4,ADULTRETURN
1118,0,GET_url4,ADULTINITIAL
1119,0,GET_url4,ADULTRETURN
1120,1000,GET_url4,PEDSINITIAL
1121,0,GET_url4,ADULTINITIAL
1122,0,GET_url4,PEDSRETURN
1123,0,GET_url4,PEDSINITIAL
1124,0,GET_url4,PEDSRETURN
1125,0,GET_url4,ADULTINITIAL
1126,1000,GET_url4,ADULTINITIAL
1127,0,GET_url4,PEDSINITIAL
1128,0,GET_url4,ADULTRETURN
1129,0,GET_url4,ADULTINITIAL
1130,1000,GET_url4,ADULTINITIAL
1131,0,GET_url4,PEDSRETURN
1132,0,GET_url4,PEDSINITIAL
1133,0,GET_url4,ADULTINITIAL
1134,0,GET_url4,PEDSINITIAL
1135,0,GET_url4,ADULTRETURN
1136,1000,GET_url4,PEDSRETURN
1137,0,GET_url4,ADULTRETURN
1138,0,GET_url4,ADULTRETURN
1139,0,GET_url4,ADULTINITIAL
1140,1000,GET_url4,PEDSRETURN
1141,0,GET_url4,ADULTINITIAL
1142,0,GET_url4,ADULTINITIAL
1143,1000,GET_url4,ADULTINITIAL
1144,0,GET_url4,PEDSRETURN
1145,0,GET_url4,ADULTRETURN
1146,0,GET_url4,PEDSRETURN
1147,0,GET_url4,ADULTINITIAL
1148,1000,GET_url4,ADULTINITIAL
1149,0,GET_url4,ADULTINITIAL
1150,0,GET_url4,ADULTRETURN
1151,1000,GET_url4,ADULTRETURN
1152,0,GET_url4,PEDSRETURN
1153,0,GET_url4,ADULTRETURN
1154,0,GET_url4,ADULTRETURN
1155,1000,GET_url4,ADULTINITIAL
1156,0,GET_url4,ADULTINITIAL
1157,0,GET_url4,ADULTINITIAL
1158,0,GET_url4,ADULTINITIAL
1159,0,GET_url4,ADULTRETURN
1160,0,GET_url4,ADULTRETURN
1161,1000,GET_url4,ADULTRETURN
1162,0,GET_url4,PEDSINITIAL
1163,0,GET_url4,PEDSRETURN
1164,1000,GET_url4,PEDSINITIAL
1165,0,GET_url4,ADULTINITIAL
1166,0,GET_url4,ADULTRETURN
1167,0,GET_url4,ADULTINITIAL
1168,0,GET_url4,ADULTINITIAL
1169,1000,GET_url4,ADULTINITIAL
1170,0,GET_url4,ADULTRETURN
1171,0,GET_url4,ADULTINITIAL
1172,0,GET_url4,PEDSRETURN
1173,1000,GET_url4,PEDSRETURN
1174,0,GET_url4,PEDSINITIAL
1175,0,GET_url4,ADULTINITIAL
1176,0,GET_url4,ADULTINITIAL
1177,1000,GET_url4,PEDSRETURN
1178,0,GET_url4,ADULTINITIAL
1179,1000,GET_url4,PEDSINITIAL
1180,0,GET_url4,PEDSRETURN
1181,0,GET_url4,ADULTINITIAL
1182,0,GET_url4,ADULTRETURN
1183,1000,GET_url4,PEDSRETURN
1184,0,GET_url4,PEDSINITIAL
1185,1000,GET_url4,PEDSINITIAL
1186,1000,GET_url4,ADULTINITIAL
1187,0,GET_url4,PEDSRETURN
1188,0,GET_url4,PEDSRETURN
1189,1000,GET_url4,PEDSRETURN
1190,0,GET_url4,PEDSRETURN
1191,0,GET_url4,ADULTINITIAL
1192,0,GET_url4,PEDSINITIAL
1193,1000,GET_url4,ADULTINITIAL
1194,0,GET_url4,ADULTINITIAL
1195,1000,GET_url4,ADULTINITIAL
1196,0,GET_url4,ADULTRETURN
1197,0,GET_url4,ADULTINITIAL
1198,0,GET_url4,PEDSINITIAL
1199,1000,GET_url4,ADULTINITIAL
1200,0,GET_url4,PEDSINITIAL
1201,0,GET_url4,ADULTINITIAL
1202,1000,GET_url4,PEDSRETURN
1203,0,GET_url4,PEDSRETURN
1204,0,GET_url4,PEDSRETURN
1205,0,GET_url4,ADULTINITIAL
1206,0,GET_url4,PEDSINITIAL
1207,0,GET_url4,ADULTRETURN
1208,1000,GET_url4,PEDSINITIAL
1209,0,GET_url4,ADULTINITIAL
1210,1000,GET_url4,ADULTINITIAL
1211,0,GET_url4,PEDSRETURN
1212,1000,GET_url4,PEDSRETURN
1213,0,GET_url4,PEDSRETURN
1214,0,GET_url4,ADULTINITIAL
1215,0,GET_url4,PEDSRETURN
1216,0,GET_url4,PEDSINITIAL
1217,0,GET_url4,PEDSINITIAL
1218,1000,GET_url4,PEDSRETURN
1219,0,GET_url4,PEDSRETURN
1220,0,GET_url4,PEDSRETURN
1221,0,GET_url4,PEDSRETURN
1222,0,GET_url4,PEDSINITIAL
1223,1000,GET_url4,PEDSRETURN
1224,0,GET_url4,PEDSRETURN
1225,0,GET_url4,PEDSRETURN
1226,1000,GET_url4,PEDSRETURN
1227,0,GET_url4,ADULTINITIAL
1228,1000,GET_url4,PEDSRETURN
1229,4000,GET_url4,ADULTINITIAL
1230,3000,GET_url4,ADULTINITIAL
1231,1000,GET_url4,ADULTINITIAL
1232,2000,GET_url4,ADULTRETURN
1233,1000,GET_url4,ADULTINITIAL
1234,2000,GET_url4,PEDSRETURN
1235,0,GET_url4,ADULTINITIAL
1236,0,GET_url4,ADULTINITIAL
1237,0,GET_url4,PEDSINITIAL
1238,1000,GET_url4,PEDSRETURN
1239,0,GET_url4,PEDSRETURN
1240,0,GET_url4,PEDSRETURN
1241,1000,GET_url4,PEDSRETURN
1242,0,GET_url4,ADULTINITIAL
1243,0,GET_url4,ADULTRETURN
1244,0,GET_url4,ADULTINITIAL
1245,0,GET_url4,ADULTRETURN
1246,1000,GET_url4,PEDSRETURN
1247,0,GET_url4,PEDSINITIAL
1248,0,GET_url4,ADULTINITIAL
1249,0,GET_url4,ADULTRETURN
1250,0,GET_url4,PEDSINITIAL
1251,0,GET_url4,PEDSINITIAL
1252,0,GET_url4,ADULTINITIAL
1253,1000,GET_url4,PEDSRETURN
1254,0,GET_url4,ADULTRETURN
1255,0,GET_url4,ADULTINITIAL
1256,1000,GET_url4,ADULTRETURN
1257,0,GET_url4,PEDSINITIAL
1258,0,GET_url4,ADULTRETURN
1259,0,GET_url4,ADULTRETURN
1260,1000,GET_url4,ADULTINITIAL
1261,0,GET_url4,PEDSINITIAL
1262,0,GET_url4,PEDSRETURN
1263,0,GET_url4,PEDSINITIAL
1264,0,GET_url4,PEDSINITIAL
1265,0,GET_url4,ADULTRETURN
1266,0,GET_url4,PEDSINITIAL
1267,0,GET_url4,ADULTRETURN
1268,0,GET_url4,ADULTRETURN
1269,1000,GET_url4,PEDSRETURN
1270,0,GET_url4,PEDSINITIAL
1271,0,GET_url4,ADULTINITIAL
1272,0,GET_url4,PEDSRETURN
1273,1000,GET_url4,PEDSRETURN
1274,0,GET_url4,ADULTRETURN
1275,0,GET_url4,ADULTINITIAL
1276,0,GET_url4,PEDSINITIAL
1277,1000,GET_url4,PEDSRETURN
1278,0,GET_url4,ADULTRETURN
1279,0,GET_url4,PEDSRETURN
1280,0,GET_url4,PEDSINITIAL
1281,0,GET_url4,PEDSRETURN
1282,0,GET_url4,PEDSRETURN
1283,0,GET_url4,ADULTRETURN
1284,0,GET_url4,PEDSRETURN
1285,1000,GET_url4,ADULTRETURN
1286,0,GET_url4,ADULTRETURN
1287,0,GET_url4,PEDSRETURN
1288,0,GET_url4,ADULTRETURN
1289,0,GET_url4,PEDSINITIAL
1290,0,GET_url4,ADULTRETURN
1291,0,GET_url4,PEDSRETURN
1292,0,GET_url4,ADULTRETURN
1293,1000,GET_url4,PEDSINITIAL
1294,0,GET_url4,PEDSINITIAL
1295,0,GET_url4,PEDSRETURN
1296,0,GET_url4,PEDSRETURN
1297,1000,GET_url4,ADULTINITIAL
1298,0,GET_url4,PEDSINITIAL
1299,0,GET_url4,PEDSRETURN
1300,1000,GET_url4,ADULTRETURN
1301,0,GET_url4,ADULTRETURN
1302,0,GET_url4,ADULTINITIAL
1303,0,GET_url4,PEDSINITIAL
1304,0,GET_url4,ADULTINITIAL
1305,0,GET_url4,PEDSRETURN
1306,1000,GET_url4,ADULTRETURN
1307,0,GET_url4,PEDSRETURN
1308,0,GET_url4,ADULTRETURN
1309,0,GET_url4,PEDSINITIAL
1310,1000,GET_url4,PEDSRETURN
1311,0,GET_url4,PEDSINITIAL
1312,0,GET_url4,PEDSINITIAL
1313,0,GET_url4,PEDSRETURN
1314,0,GET_url4,PEDSINITIAL
1315,1000,GET_url4,ADULTINITIAL
1316,0,GET_url4,ADULTINITIAL
1317,0,GET_url4,ADULTINITIAL
1318,0,GET_url4,PEDSRETURN
1319,0,GET_url4,PEDSINITIAL
1320,1000,GET_url4,ADULTRETURN
1321,0,GET_url4,PEDSINITIAL
1322,0,GET_url4,PEDSRETURN
1323,0,GET_url4,ADULTRETURN
1324,1000,GET_url4,ADULTINITIAL
1325,0,GET_url4,PEDSRETURN
1326,0,GET_url4,PEDSINITIAL
1327,0,GET_url4,PEDSINITIAL
1328,0,GET_url4,PEDSINITIAL
1329,1000,GET_url4,PEDSRETURN
1330,0,GET_url4,ADULTINITIAL
1331,0,GET_url4,PEDSINITIAL
1332,0,GET_url4,ADULTRETURN
1333,0,GET_url4,PEDSRETURN
1334,1000,GET_url4,ADULTRETURN
1335,0,GET_url4,ADULTRETURN
1336,0,GET_url4,PEDSRETURN
1337,1000,GET_url4,PEDSINITIAL
1338,0,GET_url4,PEDSRETURN
1339,0,GET_url4,PEDSINITIAL
1340,1000,GET_url4,PEDSINITIAL
1341,0,GET_url4,PEDSINITIAL
1342,0,GET_url4,PEDSRETURN
1343,0,GET_url4,ADULTINITIAL
1344,0,GET_url4,PEDSINITIAL
1345,0,GET_url4,ADULTRETURN
1346,1000,GET_url4,PEDSRETURN
1347,0,GET_url4,PEDSINITIAL
1348,0,GET_url4,PEDSRETURN
1349,0,GET_url4,PEDSINITIAL
1350,1000,GET_url4,PEDSINITIAL
1351,0,GET_url4,PEDSINITIAL
1352,0,GET_url4,PEDSRETURN
1353,0,GET_url4,PEDSRETURN
1354,0,GET_url4,PEDSINITIAL
1355,0,GET_url4,PEDSRETURN
1356,0,GET_url4,ADULTRETURN
1357,1000,GET_url4,ADULTRETURN
1358,0,GET_url4,PEDSINITIAL
1359,0,GET_url4,ADULTRETURN
1360,1000,GET_url4,PEDSRETURN
1361,0,GET_url4,ADULTINITIAL
1362,0,GET_url4,ADULTRETURN
1363,0,GET_url4,ADULTRETURN
1364,1000,GET_url4,PEDSINITIAL
1365,0,GET_url4,PEDSINITIAL
1366,1000,GET_url4,ADULTINITIAL
1367,0,GET_url4,ADULTINITIAL
1368,0,GET_url4,PEDSRETURN
1369,0,GET_url4,PEDSINITIAL
1370,1000,GET_url4,PEDSRETURN
1371,0,GET_url4,PEDSINITIAL
1372,0,GET_url4,ADULTINITIAL
1373,0,GET_url4,PEDSRETURN
1374,1000,GET_url4,ADULTRETURN
1375,0,GET_url4,PEDSRETURN
1376,0,GET_url4,PEDSRETURN
1377,0,GET_url4,PEDSRETURN
1378,1000,GET_url4,PEDSINITIAL
1379,1000,GET_url4,PEDSINITIAL
1380,0,GET_url4,PEDSINITIAL
1381,0,GET_url4,PEDSINITIAL
1382,1000,GET_url4,ADULTINITIAL
1383,0,GET_url4,PEDSRETURN
1384,1000,GET_url4,ADULTRETURN
1385,0,GET_url4,ADULTRETURN
1386,1000,GET_url4,ADULTINITIAL
1387,0,GET_url4,PEDSRETURN
1388,0,GET_url4,ADULTRETURN
1389,1000,GET_url4,ADULTRETURN
1390,0,GET_url4,ADULTINITIAL
1391,0,GET_url4,PEDSRETURN
1392,1000,GET_url4,ADULTINITIAL
1393,0,GET_url4,PEDSINITIAL
1394,0,GET_url4,PEDSINITIAL
1395,0,GET_url4,PEDSRETURN
1396,0,GET_url4,PEDSINITIAL
1397,1000,GET_url4,ADULTINITIAL
1398,0,GET_url4,ADULTRETURN
1399,0,GET_url4,ADULTRETURN
1400,0,GET_url4,ADULTINITIAL
1401,0,GET_url4,ADULTRETURN
1402,1000,GET_url4,PEDSRETURN
1403,0,GET_url4,PEDSINITIAL
1404,0,GET_url4,PEDSRETURN
1405,0,GET_url4,PEDSINITIAL
1406,0,GET_url4,PEDSRETURN
1407,1000,GET_url4,PEDSINITIAL
1408,0,GET_url4,PEDSRETURN
1409,0,GET_url4,PEDSINITIAL
1410,0,GET_url4,PEDSRETURN
1411,0,GET_url4,ADULTRETURN
1412,0,GET_url4,ADULTINITIAL
1413,1000,GET_url4,PEDSINITIAL
1414,0,GET_url4,PEDSRETURN
1415,0,GET_url4,ADULTINITIAL
1416,0,GET_url4,PEDSINITIAL
1417,0,GET_url4,ADULTRETURN
1418,1000,GET_url4,PEDSINITIAL
1419,0,GET_url4,ADULTRETURN
1420,0,GET_url4,PEDSRETURN
1421,0,GET_url4,ADULTINITIAL
1422,1000,GET_url4,PEDSINITIAL
1423,0,GET_url4,PEDSRETURN
1424,1000,GET_url4,ADULTRETURN
1425,0,GET_url4,PEDSRETURN
1426,0,GET_url4,ADULTINITIAL
1427,0,GET_url4,PEDSRETURN
1428,0,GET_url4,PEDSRETURN
1429,0,GET_url4,ADULTINITIAL
1430,0,GET_url4,ADULTRETURN
1431,1000,GET_url4,PEDSINITIAL
1432,0,GET_url4,ADULTINITIAL
1433,1000,GET_url4,ADULTRETURN
1434,0,GET_url4,ADULTINITIAL
1435,0,GET_url4,PEDSINITIAL
1436,0,GET_url4,PEDSINITIAL
1437,0,GET_url4,ADULTRETURN
1438,0,GET_url4,ADULTINITIAL
1439,1000,GET_url4,ADULTRETURN
1440,0,GET_url4,ADULTRETURN
1441,0,GET_url4,PEDSINITIAL
1442,1000,GET_url4,ADULTINITIAL
1443,0,GET_url4,ADULTINITIAL
1444,0,GET_url4,PEDSINITIAL
1445,0,GET_url4,PEDSRETURN
1446,0,GET_url4,PEDSINITIAL
1447,1000,GET_url4,PEDSRETURN
1448,0,GET_url4,ADULTRETURN
1449,0,GET_url4,ADULTINITIAL
1450,0,GET_url4,ADULTRETURN
1451,0,GET_url4,ADULTINITIAL
1452,1000,GET_url4,PEDSINITIAL
1453,1000,GET_url4,ADULTINITIAL
1454,0,GET_url4,ADULTINITIAL
1455,1000,GET_url4,ADULTRETURN
1456,0,GET_url4,ADULTINITIAL
1457,0,GET_url4,PEDSINITIAL
1458,1000,GET_url4,PEDSRETURN
1459,0,GET_url4,PEDSINITIAL
1460,0,GET_url4,ADULTRETURN
1461,1000,GET_url4,ADULTRETURN
1462,0,GET_url4,PEDSINITIAL
1463,0,GET_url4,PEDSINITIAL
1464,0,GET_url4,ADULTINITIAL
1465,0,GET_url4,ADULTINITIAL
1466,0,GET_url4,ADULTINITIAL
1467,1000,GET_url4,ADULTINITIAL
1468,0,GET_url4,PEDSINITIAL
1469,1000,GET_url4,ADULTINITIAL
1470,0,GET_url4,ADULTINITIAL
1471,0,GET_url4,ADULTRETURN
1472,0,GET_url4,ADULTINITIAL
1473,1000,GET_url4,PEDSINITIAL
1474,0,GET_url4,ADULTRETURN
1475,0,GET_url4,PEDSRETURN
1476,0,GET_url4,ADULTINITIAL
1477,0,GET_url4,PEDSRETURN
1478,1000,GET_url4,PEDSINITIAL
1479,0,GET_url4,PEDSINITIAL
1480,0,GET_url4,ADULTINITIAL
1481,0,GET_url4,ADULTINITIAL
1482,0,GET_url4,ADULTINITIAL
1483,0,GET_url4,ADULTINITIAL
1484,1000,GET_url4,ADULTINITIAL
1485,0,GET_url4,PEDSINITIAL
1486,0,GET_url4,PEDSINITIAL
1487,1000,GET_url4,PEDSINITIAL
1488,0,GET_url4,PEDSINITIAL
1489,0,GET_url4,PEDSINITIAL
1490,1000,GET_url4,PEDSINITIAL
1491,0,GET_url4,ADULTINITIAL
1492,0,GET_url4,ADULTINITIAL
1493,1000,GET_url4,PEDSINITIAL
1494,0,GET_url4,ADULTINITIAL
1495,2000,GET_url4,PEDSINITIAL
1496,1000,GET_url4,ADULTINITIAL
1497,0,GET_url4,ADULTINITIAL
1498,0,GET_url4,PEDSINITIAL
1499,0,GET_url4,ADULTINITIAL
1500,1000,GET_url4,ADULTRETURN
1501,0,GET_url4,PEDSRETURN
1502,0,GET_url4,ADULTINITIAL
1503,1000,GET_url4,PEDSINITIAL
1504,0,GET_url4,PEDSINITIAL
1505,0,GET_url4,ADULTRETURN
1506,0,GET_url4,PEDSRETURN
1507,0,GET_url4,PEDSINITIAL
1508,0,GET_url4,PEDSINITIAL
1509,1000,GET_url4,PEDSINITIAL
1510,1000,GET_url4,PEDSINITIAL
1511,0,GET_url4,ADULTINITIAL
1512,0,GET_url4,PEDSINITIAL
1513,0,GET_url4,PEDSINITIAL
1514,1000,GET_url4,PEDSINITIAL
1515,0,GET_url4,ADULTINITIAL
1516,0,GET_url4,PEDSINITIAL
1517,1000,GET_url4,PEDSINITIAL
1518,0,GET_url4,ADULTINITIAL
1519,0,GET_url4,ADULTRETURN
1520,0,GET_url4,ADULTINITIAL
1521,0,GET_url4,PEDSINITIAL
1522,0,GET_url4,ADULTRETURN
1523,1000,GET_url4,PEDSINITIAL
1524,0,GET_url4,ADULTRETURN
1525,1000,GET_url4,ADULTINITIAL
1526,0,GET_url4,ADULTINITIAL
1527,0,GET_url4,PEDSRETURN
1528,1000,GET_url4,PEDSINITIAL
1529,0,GET_url4,ADULTRETURN
1530,0,GET_url4,PEDSINITIAL
1531,1000,GET_url4,PEDSRETURN
1532,1000,GET_url4,PEDSINITIAL
1533,0,GET_url4,ADULTRETURN
1534,0,GET_url4,PEDSINITIAL
1535,0,GET_url4,ADULTRETURN
1536,1000,GET_url4,PEDSINITIAL
1537,0,GET_url4,ADULTINITIAL
1538,0,GET_url4,PEDSRETURN
1539,0,GET_url4,PEDSRETURN
1540,0,GET_url4,PEDSRETURN
1541,1000,GET_url4,PEDSINITIAL
1542,0,GET_url4,PEDSRETURN
1543,1000,GET_url4,PEDSINITIAL
1544,0,GET_url4,PEDSINITIAL
1545,0,GET_url4,ADULTINITIAL
1546,0,GET_url4,PEDSRETURN
1547,1000,GET_url4,PEDSINITIAL
1548,0,GET_url4,PEDSRETURN
1549,0,GET_url4,ADULTRETURN
1550,0,GET_url4,ADULTRETURN
1551,0,GET_url4,PEDSRETURN
1552,1000,GET_url4,ADULTRETURN
1553,0,GET_url4,ADULTINITIAL
1554,0,GET_url4,PEDSRETURN
1555,0,GET_url4,ADULTINITIAL
1556,0,GET_url4,PEDSRETURN
1557,0,GET_url4,PEDSRETURN
1558,0,GET_url4,PEDSINITIAL
1559,1000,GET_url4,ADULTINITIAL
1560,0,GET_url4,ADULTINITIAL
1561,0,GET_url4,PEDSINITIAL
1562,1000,GET_url4,PEDSRETURN
1563,0,GET_url4,PEDSINITIAL
1564,0,GET_url4,PEDSRETURN
1565,1000,GET_url4,PEDSINITIAL
1566,0,GET_url4,ADULTINITIAL
1567,0,GET_url4,ADULTINITIAL
1568,1000,GET_url4,ADULTINITIAL
1569,0,GET_url4,PEDSINITIAL
1570,0,GET_url4,PEDSRETURN
1571,0,GET_url4,PEDSINITIAL
1572,0,GET_url4,PEDSINITIAL
1573,0,GET_url4,PEDSRETURN
1574,0,GET_url4,ADULTRETURN
1575,0,GET_url4,PEDSRETURN
1576,1000,GET_url4,PEDSRETURN
1577,1000,GET_url4,PEDSINITIAL
1578,0,GET_url4,ADULTINITIAL
1579,0,GET_url4,PEDSRETURN
1580,0,GET_url4,ADULTINITIAL
1581,0,GET_url4,PEDSRETURN
1582,0,GET_url4,PEDSRETURN
1583,0,GET_url4,ADULTRETURN
1584,0,GET_url4,ADULTINITIAL
1585,0,GET_url4,PEDSINITIAL
1586,0,GET_url4,ADULTINITIAL
1587,1000,GET_url4,PEDSINITIAL
1588,0,GET_url4,PEDSINITIAL
1589,0,GET_url4,PEDSRETURN
1590,0,GET_url4,ADULTINITIAL
1591,0,GET_url4,ADULTINITIAL
1592,0,GET_url4,PEDSRETURN
1593,0,GET_url4,PEDSRETURN
1594,0,GET_url4,PEDSRETURN
1595,1000,GET_url4,PEDSRETURN
1596,0,GET_url4,ADULTINITIAL
1597,0,GET_url4,PEDSRETURN
1598,0,GET_url4,ADULTINITIAL
1599,0,GET_url4,PEDSINITIAL
1600,0,GET_url4,PEDSINITIAL
1601,0,GET_url4,PEDSINITIAL
1602,0,GET_url4,ADULTRETURN
1603,0,GET_url4,PEDSINITIAL
1604,1000,GET_url4,PEDSRETURN
1605,0,GET_url4,PEDSRETURN
1606,0,GET_url4,PEDSRETURN
1607,0,GET_url4,ADULTINITIAL
1608,1000,GET_url4,PEDSINITIAL
1609,0,GET_url4,ADULTINITIAL
1610,0,GET_url4,PEDSRETURN
1611,0,GET_url4,PEDSRETURN
1612,0,GET_url4,PEDSINITIAL
1613,0,GET_url4,ADULTINITIAL
1614,1000,GET_url4,PEDSRETURN
1615,0,GET_url4,PEDSINITIAL
1616,0,GET_url4,ADULTRETURN
1617,0,GET_url4,PEDSINITIAL
1618,0,GET_url4,PEDSRETURN
1619,0,GET_url4,ADULTINITIAL
1620,0,GET_url4,ADULTINITIAL
1621,0,GET_url4,ADULTRETURN
1622,1000,GET_url4,PEDSRETURN
1623,0,GET_url4,ADULTRETURN
1624,0,GET_url4,PEDSRETURN
1625,0,GET_url4,PEDSRETURN
1626,0,GET_url4,PEDSRETURN
1627,0,GET_url4,ADULTINITIAL
1628,0,GET_url4,PEDSRETURN
1629,0,GET_url4,PEDSINITIAL
1630,1000,GET_url4,PEDSINITIAL
1631,0,GET_url4,PEDSRETURN
1632,0,GET_url4,PEDSINITIAL
1633,0,GET_url4,ADULTINITIAL
1634,1000,GET_url4,ADULTRETURN
1635,0,GET_url4,PEDSINITIAL
1636,0,GET_url4,PEDSRETURN
1637,0,GET_url4,PEDSINITIAL
1638,0,GET_url4,PEDSINITIAL
1639,0,GET_url4,PEDSINITIAL
1640,0,GET_url4,ADULTRETURN
1641,0,GET_url4,ADULTRETURN
1642,0,GET_url4,ADULTRETURN
1643,0,GET_url4,PEDSINITIAL
1644,0,GET_url4,PEDSINITIAL
1645,0,GET_url4,ADULTRETURN
1646,0,GET_url4,PEDSINITIAL
1647,0,GET_url4,ADULTRETURN
1648,1000,GET_url4,PEDSINITIAL
1649,0,GET_url4,PEDSINITIAL
1650,0,GET_url4,ADULTINITIAL
1651,0,GET_url4,PEDSRETURN
1652,0,GET_url4,PEDSRETURN
1653,0,GET_url4,PEDSINITIAL
1654,0,GET_url4,PEDSINITIAL
1655,0,GET_url4,ADULTINITIAL
1656,1000,GET_url4,PEDSINITIAL
1657,0,GET_url4,ADULTRETURN
1658,0,GET_url4,PEDSINITIAL
1659,0,GET_url4,PEDSRETURN
1660,0,GET_url4,ADULTRETURN
1661,1000,GET_url4,PEDSINITIAL
1662,0,GET_url4,PEDSINITIAL
1663,0,GET_url4,PEDSINITIAL
1664,0,GET_url4,ADULTRETURN
1665,0,GET_url4,ADULTRETURN
1666,0,GET_url4,PEDSINITIAL
1667,0,GET_url4,ADULTINITIAL
1668,1000,GET_url4,PEDSRETURN
1669,0,GET_url4,PEDSINITIAL
1670,0,GET_url4,ADULTINITIAL
1671,0,GET_url4,PEDSINITIAL
1672,0,GET_url4,PEDSINITIAL
1673,0,GET_url4,PEDSINITIAL
1674,0,GET_url4,ADULTINITIAL
1675,0,GET_url4,PEDSINITIAL
1676,1000,GET_url4,PEDSRETURN
1677,0,GET_url4,ADULTRETURN
1678,0,GET_url4,ADULTRETURN
1679,0,GET_url4,PEDSINITIAL
1680,0,GET_url4,PEDSRETURN
1681,0,GET_url4,ADULTINITIAL
1682,1000,GET_url4,ADULTRETURN
1683,0,GET_url4,PEDSINITIAL
1684,0,GET_url4,PEDSINITIAL
1685,0,GET_url4,PEDSINITIAL
1686,0,GET_url4,ADULTRETURN
1687,0,GET_url4,ADULTRETURN
1688,0,GET_url4,PEDSINITIAL
1689,1000,GET_url4,PEDSINITIAL
1690,0,GET_url4,PEDSRETURN
1691,0,GET_url4,PEDSRETURN
1692,0,GET_url4,PEDSINITIAL
1693,0,GET_url4,ADULTINITIAL
1694,0,GET_url4,PEDSINITIAL
1695,0,GET_url4,PEDSRETURN
1696,0,GET_url4,ADULTRETURN
1697,1000,GET_url4,PEDSINITIAL
1698,0,GET_url4,ADULTRETURN
1699,0,GET_url4,PEDSINITIAL
1700,0,GET_url4,ADULTINITIAL
1701,0,GET_url4,PEDSRETURN
1702,1000,GET_url4,ADULTRETURN
1703,0,GET_url4,ADULTINITIAL
1704,0,GET_url4,ADULTRETURN
1705,0,GET_url4,PEDSRETURN
1706,0,GET_url4,PEDSINITIAL
1707,0,GET_url4,PEDSINITIAL
1708,0,GET_url4,PEDSINITIAL
1709,0,GET_url4,ADULTRETURN
1710,1000,GET_url4,ADULTRETURN
1711,0,GET_url4,ADULTRETURN
1712,1000,GET_url4,PEDSINITIAL
1713,0,GET_url4,PEDSINITIAL
1714,0,GET_url4,PEDSRETURN
1715,0,GET_url4,PEDSINITIAL
1716,0,GET_url4,PEDSINITIAL
1717,0,GET_url4,ADULTINITIAL
1718,0,GET_url4,ADULTINITIAL
1719,1000,GET_url4,PEDSINITIAL
1720,0,GET_url4,ADULTRETURN
1721,0,GET_url4,PEDSRETURN
1722,0,GET_url4,PEDSRETURN
1723,0,GET_url4,ADULTRETURN
1724,0,GET_url4,ADULTRETURN
1725,0,GET_url4,PEDSINITIAL
1726,0,GET_url4,PEDSRETURN
1727,0,GET_url4,PEDSRETURN
1728,1000,GET_url4,ADULTINITIAL
1729,0,GET_url4,PEDSRETURN
1730,0,GET_url4,ADULTRETURN
1731,0,GET_url4,PEDSRETURN
1732,0,GET_url4,PEDSRETURN
1733,0,GET_url4,PEDSRETURN
1734,0,GET_url4,PEDSINITIAL
1735,1000,GET_url4,PEDSRETURN
1736,0,GET_url4,PEDSINITIAL
1737,0,GET_url4,ADULTRETURN
1738,0,GET_url4,ADULTINITIAL
1739,0,GET_url4,PEDSINITIAL
1740,0,GET_url4,PEDSRETURN
1741,0,GET_url4,PEDSINITIAL
1742,0,GET_url4,PEDSINITIAL
1743,0,GET_url4,PEDSINITIAL
1744,0,GET_url4,PEDSRETURN
1745,0,GET_url4,ADULTINITIAL
1746,1000,GET_url4,PEDSRETURN
1747,0,GET_url4,ADULTRETURN
1748,0,GET_url4,PEDSRETURN
1749,0,GET_url4,ADULTRETURN
1750,0,GET_url4,ADULTINITIAL
1751,0,GET_url4,PEDSRETURN
1752,2000,GET_url4,ADULTINITIAL
1753,0,GET_url4,ADULTRETURN
1754,0,GET_url4,PEDSINITIAL
1755,0,GET_url4,PEDSINITIAL
1756,1000,GET_url4,ADULTRETURN
1757,0,GET_url4,PEDSRETURN
1758,0,GET_url4,ADULTINITIAL
1759,0,GET_url4,ADULTINITIAL
1760,0,GET_url4,PEDSINITIAL
1761,0,GET_url4,PEDSRETURN
1762,0,GET_url4,PEDSRETURN
1763,0,GET_url4,PEDSRETURN
1764,1000,GET_url4,PEDSINITIAL
1765,0,GET_url4,ADULTRETURN
1766,0,GET_url4,ADULTINITIAL
1767,0,GET_url4,PEDSINITIAL
1768,0,GET_url4,ADULTRETURN
1769,0,GET_url4,ADULTRETURN
1770,0,GET_url4,PEDSRETURN
1771,0,GET_url4,PEDSRETURN
1772,0,GET_url4,ADULTINITIAL
1773,1000,GET_url4,ADULTINITIAL
1774,0,GET_url4,ADULTINITIAL
1775,0,GET_url4,PEDSRETURN
1776,0,GET_url4,PEDSINITIAL
1777,0,GET_url4,PEDSINITIAL
1778,0,GET_url4,PEDSINITIAL
1779,0,GET_url4,ADULTRETURN
1780,0,GET_url4,ADULTRETURN
1781,1000,GET_url4,ADULTINITIAL
1782,0,GET_url4,ADULTINITIAL
1783,0,GET_url4,ADULTINITIAL
1784,1000,GET_url4,PEDSINITIAL
1785,0,GET_url4,ADULTRETURN
1786,0,GET_url4,ADULTINITIAL
1787,0,GET_url4,PEDSRETURN
1788,1000,GET_url4,ADULTRETURN
1789,0,GET_url4,ADULTRETURN
1790,0,GET_url4,ADULTINITIAL
1791,0,GET_url4,ADULTRETURN
1792,0,GET_url4,ADULTINITIAL
1793,1000,GET_url4,PEDSINITIAL
1794,0,GET_url4,ADULTINITIAL
1795,0,GET_url4,PEDSRETURN
1796,0,GET_url4,ADULTINITIAL
1797,0,GET_url4,ADULTINITIAL
1798,0,GET_url4,ADULTINITIAL
1799,0,GET_url4,PEDSINITIAL
1800,0,GET_url4,PEDSINITIAL
1801,1000,GET_url4,ADULTINITIAL
1802,0,GET_url4,ADULTRETURN
1803,0,GET_url4,ADULTRETURN
1804,0,GET_url4,PEDSRETURN
1805,0,GET_url4,ADULTRETURN
1806,0,GET_url4,PEDSINITIAL
1807,0,GET_url4,ADULTRETURN
1808,0,GET_url4,PEDSRETURN
1809,0,GET_url4,ADULTRETURN
1810,1000,GET_url4,ADULTRETURN
1811,0,GET_url4,PEDSINITIAL
1812,0,GET_url4,ADULTINITIAL
1813,0,GET_url4,PEDSINITIAL
1814,1000,GET_url4,ADULTRETURN
1815,0,GET_url4,ADULTINITIAL
1816,0,GET_url4,ADULTRETURN
1817,0,GET_url4,ADULTRETURN
1818,0,GET_url4,PEDSINITIAL
1819,0,GET_url4,ADULTRETURN
1820,1000,GET_url4,ADULTRETURN
1821,0,GET_url4,ADULTRETURN
1822,0,GET_url4,PEDSINITIAL
1823,0,GET_url4,ADULTRETURN
1824,0,GET_url4,ADULTRETURN
1825,0,GET_url4,PEDSINITIAL
1826,1000,GET_url4,ADULTRETURN
1827,0,GET_url4,ADULTINITIAL
1828,0,GET_url4,PEDSINITIAL
1829,0,GET_url4,PEDSRETURN
1830,0,GET_url4,ADULTINITIAL
1831,0,GET_url4,ADULTRETURN
1832,1000,GET_url4,ADULTRETURN
1833,0,GET_url4,PEDSINITIAL
1834,0,GET_url4,PEDSINITIAL
1835,0,GET_url4,PEDSINITIAL
1836,0,GET_url4,ADULTRETURN
1837,0,GET_url4,ADULTINITIAL
1838,1000,GET_url4,ADULTRETURN
1839,0,GET_url4,ADULTINITIAL
1840,0,GET_url4,ADULTINITIAL
1841,1000,GET_url4,ADULTRETURN
1842,0,GET_url4,PEDSRETURN
1843,0,GET_url4,PEDSINITIAL
1844,0,GET_url4,ADULTRETURN
1845,0,GET_url4,ADULTRETURN
1846,1000,GET_url4,ADULTINITIAL
1847,0,GET_url4,ADULTRETURN
1848,0,GET_url4,ADULTRETURN
1849,0,GET_url4,ADULTINITIAL
1850,0,GET_url4,ADULTRETURN
1851,0,GET_url4,PEDSRETURN
1852,1000,GET_url4,ADULTINITIAL
1853,0,GET_url4,PEDSRETURN
1854,0,GET_url4,ADULTRETURN
1855,1000,GET_url4,ADULTINITIAL
1856,0,GET_url4,PEDSINITIAL
1857,0,GET_url4,ADULTINITIAL
1858,0,GET_url4,ADULTINITIAL
1859,0,GET_url4,PEDSINITIAL
1860,0,GET_url4,ADULTINITIAL
1861,0,GET_url4,ADULTINITIAL
1862,0,GET_url4,ADULTRETURN
1863,0,GET_url4,ADULTINITIAL
1864,1000,GET_url4,ADULTRETURN
1865,0,GET_url4,PEDSRETURN
1866,0,GET_url4,ADULTINITIAL
1867,0,GET_url4,PEDSINITIAL
1868,1000,GET_url4,PEDSINITIAL
1869,0,GET_url4,ADULTRETURN
1870,0,GET_url4,ADULTRETURN
1871,0,GET_url4,ADULTRETURN
1872,0,GET_url4,ADULTINITIAL
1873,0,GET_url4,ADULTINITIAL
1874,0,GET_url4,ADULTRETURN
1875,0,GET_url4,PEDSRETURN
1876,0,GET_url4,PEDSRETURN
1877,0,GET_url4,PEDSRETURN
1878,0,GET_url4,ADULTRETURN
1879,0,GET_url4,PEDSINITIAL
1880,1000,GET_url4,PEDSINITIAL
1881,0,GET_url4,ADULTINITIAL
1882,0,GET_url4,PEDSRETURN
1883,0,GET_url4,ADULTINITIAL
1884,0,GET_url4,PEDSRETURN
1885,0,GET_url4,ADULTRETURN
1886,0,GET_url4,PEDSINITIAL
1887,1000,GET_url4,ADULTRETURN
1888,0,GET_url4,ADULTINITIAL
1889,0,GET_url4,PEDSINITIAL
1890,0,GET_url4,PEDSINITIAL
1891,1000,GET_url4,ADULTINITIAL
1892,0,GET_url4,PEDSRETURN
1893,0,GET_url4,PEDSRETURN
1894,1000,GET_url4,ADULTRETURN
1895,0,GET_url4,PEDSRETURN
1896,0,GET_url4,PEDSRETURN
1897,0,GET_url4,ADULTRETURN
1898,0,GET_url4,ADULTINITIAL
1899,1000,GET_url4,ADULTRETURN
1900,0,GET_url4,ADULTINITIAL
1901,0,GET_url4,ADULTINITIAL
1902,0,GET_url4,ADULTINITIAL
1903,0,GET_url4,ADULTRETURN
1904,0,GET_url4,ADULTINITIAL
1905,0,GET_url4,PEDSRETURN
1906,1000,GET_url4,ADULTRETURN
1907,0,GET_url4,PEDSRETURN
1908,0,GET_url4,ADULTINITIAL
1909,1000,GET_url4,PEDSRETURN
1910,0,GET_url4,ADULTINITIAL
1911,1000,GET_url4,PEDSINITIAL
1912,0,GET_url4,ADULTINITIAL
1913,0,GET_url4,PEDSRETURN
1914,0,GET_url4,ADULTRETURN
1915,0,GET_url4,PEDSINITIAL
1916,1000,GET_url4,ADULTRETURN
1917,0,GET_url4,ADULTINITIAL
1918,0,GET_url4,ADULTINITIAL
1919,1000,GET_url4,ADULTINITIAL
1920,0,GET_url4,ADULTRETURN
1921,0,GET_url4,ADULTINITIAL
1922,0,GET_url4,PEDSINITIAL
1923,1000,GET_url4,ADULTINITIAL
1924,0,GET_url4,ADULTINITIAL
1925,1000,GET_url4,PEDSINITIAL
1926,0,GET_url4,ADULTINITIAL
1927,0,GET_url4,PEDSINITIAL
1928,0,GET_url4,PEDSRETURN
1929,0,GET_url4,ADULTINITIAL
1930,1000,GET_url4,ADULTINITIAL
1931,0,GET_url4,ADULTRETURN
1932,0,GET_url4,ADULTINITIAL
1933,0,GET_url4,PEDSINITIAL
1934,0,GET_url4,ADULTINITIAL
1935,1000,GET_url4,PEDSINITIAL
1936,0,GET_url4,PEDSRETURN
1937,0,GET_url4,ADULTINITIAL
1938,0,GET_url4,PEDSRETURN
1939,0,GET_url4,PEDSINITIAL
1940,1000,GET_url4,ADULTINITIAL
1941,1000,GET_url4,PEDSINITIAL
1942,0,GET_url4,PEDSRETURN
1943,0,GET_url4,ADULTRETURN
1944,0,GET_url4,ADULTINITIAL
1945,1000,GET_url4,ADULTRETURN
1946,0,GET_url4,PEDSINITIAL
1947,0,GET_url4,ADULTRETURN
1948,0,GET_url4,PEDSRETURN
1949,0,GET_url4,ADULTRETURN
1950,0,GET_url4,PEDSRETURN
1951,1000,GET_url4,PEDSINITIAL
1952,0,GET_url4,PEDSINITIAL
1953,1000,GET_url4,ADULTRETURN
1954,0,GET_url4,PEDSRETURN
1955,1000,GET_url4,PEDSINITIAL
